name,1995,1996,1997,1998,1999,2000,2001,2002,2003,2004,2005,2006,2007,2008,2009,2010,2011
Afghanistan,,,,,,,,,,,,,,,,,
Albania,3520.664595,4157.001473,3755.969576,3769.228415,4341.498334,4452.584763,4597.326023,4621.446951,4885.194888,5192.723472,5370.659211,5754.272408,6116.631213,6759.677824,7177.47131,7315.210424,7364.711628
Algeria,,,,,,,,,,,,,,,,,
Andorra,,,,,,,,,,,,,,,,,
Angola,1869.258976,2207.879105,2175.700021,1923.855772,2284.811819,1737.9089,1620.657261,1886.028176,1877.934349,2001.656744,2411.351421,2915.724622,3317.00592,3740.60284,3193.547263,3990.749607,4214.452272
Antigua and Barbuda,12144.06568,12370.63752,12704.68526,13129.76616,13395.57133,13383.40576,13300.47378,13769.86847,13628.42976,14049.69056,14030.8824,14697.20556,16045.80343,16469.8284,14901.88751,13316.21569,12908.97233
Argentina,9078.43792,11681.26254,11775.56327,11560.17403,10594.15893,10176.36078,9364.220786,8663.473708,9014.027262,9436.512999,9956.502839,10772.07352,11600.91437,12427.66365,12368.28929,13359.26153,14507.61821
Armenia,2396.684936,2567.121488,2447.912023,2492.892728,2508.167046,2603.835389,2830.990283,3158.905406,3547.855493,3883.394331,4358.694754,4850.054639,5447.214284,5613.430291,4835.21892,5002.146796,5235.03934
Australia,27463.3055,28405.39192,29473.04943,30442.31193,31649.65523,31808.55172,32638.42361,33289.36325,34283.10602,34903.01185,35506.28151,36070.07071,36530.11368,36205.83693,36078.83362,37583.89585,38499.2731
Austria,27471.42781,27985.95699,28965.3742,30628.06321,31812.37675,32914.96465,32194.13449,32790.57935,32634.38802,33365.86957,33234.00888,34701.82002,35832.71218,36413.03064,35433.49137,36637.68159,37282.53219
Azerbaijan,2097.667933,2028.69264,2048.773728,1972.557811,2126.791622,2528.23075,2781.901942,2772.026755,2893.742629,3067.29515,4327.202365,5996.633485,7696.197443,9445.69301,7875.910939,8922.561896,9317.07582
Bahamas,17332.9058,19875.80794,20711.00674,22630.56747,24358.72668,24837.23105,24068.00491,25912.78085,24667.35404,23722.74689,24526.52568,23835.91512,24352.37646,23044.10009,20779.71386,20281.61019,19366.61246
Bahrain,13433.23188,12854.87611,12581.05117,11902.71352,12662.80119,15795.1597,15871.55045,18297.27422,21599.96647,24655.8219,28657.44293,30310.88919,29684.49647,26661.65335,22350.3641,22032.49787,20676.15532
Bangladesh,1338.557419,1343.356322,1285.302368,1244.605503,1193.445784,1167.003999,1158.982656,1171.085862,1173.200223,1178.730077,1191.658199,1242.461979,1313.635147,1359.76433,1420.931508,1489.311117,1554.206586
Barbados,17136.8097,19308.07832,20761.36922,20963.98489,22032.76201,22873.81115,21530.84867,21365.16784,22307.08637,22312.7259,24091.5712,25181.54071,25503.32133,23593.97138,23161.33063,21406.53397,20642.24426
Belarus,6597.258502,6822.060382,6877.607519,7011.421417,7002.86828,7164.235896,7437.16742,7603.257253,7818.209358,8331.302148,9106.811467,10237.74703,11307.32326,13041.82282,12618.84563,13598.65343,15352.87864
Belgium,26120.05875,26172.59666,27685.63579,28587.67967,29682.31921,31589.38443,31735.79625,32457.04735,31523.12147,31763.96433,31678.71115,32450.96142,33661.99259,34297.3664,33672.06056,35216.7418,35446.26558
Belize,6356.21626,5711.672418,5621.950064,5729.004457,5790.492713,6154.064932,6440.745913,6723.79112,6948.391982,7005.188673,7054.448517,7131.286118,7293.83735,7052.388887,7091.794394,7312.661464,7366.639727
Benin,1025.560141,1067.707953,1096.65866,1101.353275,1136.059853,1174.383227,1174.23922,1187.243295,1222.296297,1229.042171,1206.023743,1225.729812,1233.329859,1253.477417,1240.79565,1223.165306,1231.879442
Bermuda,29125.44777,30279.1393,30942.28987,31517.17472,32322.67519,33073.42748,36053.01188,36509.83853,37330.48038,37864.2148,38334.46755,40365.67383,41519.0917,41749.39488,39632.35109,38783.79901,38923.08432
Bhutan,2363.897449,2485.390623,2607.339623,2675.368759,2873.808676,3048.404235,3189.830639,3505.16137,3589.844366,3707.174679,3978.13505,3782.192167,4327.468019,4405.706477,4679.727621,4796.978879,4607.016833
Bolivia,2587.422502,2784.836346,2798.563551,2816.416356,2807.411077,2813.755229,2845.265572,2892.797913,3019.591199,3204.612659,3310.769757,3549.488098,3597.796288,3794.527647,3709.415138,3970.216308,4166.778752
Bosnia and Herzegovina,1694.997697,2496.225616,3598.063243,4637.115185,5107.873968,4939.535486,4991.025682,5140.699457,5263.773945,5392.271089,5695.537765,6311.465787,6909.503857,7368.398132,7402.325829,7577.457473,7580.589869
Botswana,6600.530211,7361.653052,7545.621368,7782.588944,8658.676656,8128.860308,9423.881292,9396.083043,8848.690577,9688.461377,9092.852939,10499.21986,11148.56789,12879.14577,9754.923882,11419.20424,11810.75107
Brazil,7593.732359,9019.808683,8571.700316,8067.100911,7579.524189,7528.165897,7330.311518,7301.968288,7157.683187,7423.673956,7439.413872,7718.673833,8131.146302,8526.360813,8402.178439,9002.070543,9294.532912
Brunei,32210.26926,39611.92731,35022.19322,30008.84391,33858.34395,41300.88722,39434.89865,39703.34868,42505.61985,47668.90784,55935.34465,63608.01924,60836.23279,70706.01386,53744.56566,56899.94332,67543.78709
Bulgaria,7096.453607,6337.923513,6014.400274,6600.172077,6890.360941,7372.049486,7669.809951,8233.449532,8440.932506,8841.323998,9006.532885,9805.287342,10852.29966,11832.02902,12007.50908,12559.86483,12906.67176
Burkina Faso,606.4875824,651.6233277,675.6891606,716.7006818,736.4617558,721.1285055,746.4378552,760.3920275,799.4210362,814.4157455,850.9177108,874.8158708,879.8431676,907.8267352,926.342641,1022.137552,1051.51522
Burundi,418.5605069,408.6242548,506.1005144,478.3050295,466.4767343,447.5906926,452.3076499,448.4581427,455.6619159,473.3654206,435.8786924,433.8160369,430.3033625,534.8884269,462.8069539,471.2037964,490.141066
Cambodia,887.5914595,837.3727938,877.5589049,877.6335222,972.6708417,1022.612236,1089.717695,1186.354986,1265.436827,1361.666849,1512.543236,1657.335437,1825.196689,2050.801427,2106.612655,2183.159134,2347.91239
Cameroon,1874.569802,1949.222981,1912.56056,1905.610287,1896.525222,1869.817762,1802.402283,1777.731165,1802.081895,1773.706321,1726.242089,1801.383216,1795.625615,1771.602273,1791.418505,1830.47824,1857.527158
Canada,28413.64108,28795.58033,29858.73825,30283.50304,31870.40107,33487.42629,33078.23872,32962.72813,33608.52433,34543.44383,35404.38863,35551.3794,35706.88507,35577.37523,33015.7189,34389.59554,35344.86947
Cape Verde,1687.012887,1876.52608,1865.90548,2040.45421,2352.993866,2331.715142,2402.790711,2498.268141,2736.820381,2918.278974,2875.43486,3059.175697,3431.312194,3747.737001,3660.826649,4075.057585,4125.808058
Central African Rep.,710.2167147,610.8668346,630.548752,644.8946512,665.4143326,667.8354047,660.9805016,646.8763386,593.701587,599.7907912,599.553334,587.1535879,602.0199748,625.4606247,600.1610572,605.0718122,617.2929552
Chad,941.4435631,820.8634704,810.280721,829.405362,837.1533099,784.1110884,819.9944146,836.4531563,982.935941,1470.842191,1720.355514,1923.814239,1843.287695,1889.357179,1696.184095,1970.205264,1851.121865
Channel Islands,,,,,,,,,,,,,,,,,
Chile,9894.882928,10121.85027,10110.3799,9822.962543,9361.160312,9467.994155,9293.332284,9267.644785,9571.146419,10630.20492,11437.08264,13049.40984,13674.21289,13060.90383,12802.62932,14436.44482,15243.32965
China,3058.427183,3131.752528,3295.771958,3238.572716,3370.631549,3533.295588,3753.03129,4136.951611,4450.785838,4879.752322,5342.468522,5973.496848,6609.964705,6720.853734,7188.65279,7679.093617,8068.599071
Colombia,6706.025723,6600.178464,6629.380414,6352.807268,5916.766456,6013.63007,5872.889302,5876.817369,5970.16448,6202.944491,6427.121745,6832.611918,7273.236616,7564.235024,7480.529819,7798.033452,8407.921058
Comoros,1054.825733,1010.227037,1000.736905,1007.607464,1007.951939,986.3322442,1023.041322,1050.449026,1024.811019,982.1673396,980.6268654,969.4400886,952.2441183,941.1590201,928.0349743,923.3368533,921.2841065
Congo. Dem. Rep.,300.1318392,273.0972413,264.3740234,236.8918831,241.3437232,218.8665392,203.6730573,199.2077527,227.4547959,230.2898864,223.4889904,255.7166015,270.7340919,254.3352776,245.6108614,275.4085647,290.6288206
Congo. Rep.,1203.871512,1424.526879,1269.135908,974.4236936,1206.429613,1820.177848,1613.907256,1640.002753,1588.795011,1859.198561,2314.726762,2531.751094,2104.845483,2251.675981,1874.217011,2379.308923,2426.871332
Costa Rica,7763.862716,7585.250064,7867.411085,8303.663753,8845.807311,8457.762131,8144.893376,8112.694653,8371.749448,8420.13438,8473.170389,8814.602152,9289.123188,9220.080576,9750.341342,9961.614256,10123.36
Cote d'Ivoire,2093.597712,2227.056715,2112.237573,2069.283904,1964.445459,1663.28105,1801.654329,1780.20596,1612.563932,1509.18478,1474.221563,1468.342535,1424.479455,1475.156904,1522.859206,1544.241391,1371.829571
Croatia,9237.630879,9892.147844,10946.5288,11600.00371,11637.15487,12016.00257,12331.21599,12862.6123,13583.9438,14353.97162,14631.97219,15631.91775,17281.34013,18139.98737,17503.67105,17174.4346,17215.82226
Cuba,,,,,,,,,,,,,,,,,
Cyprus,19090.8844,18865.16168,19120.12942,20293.80449,21282.18075,22212.43219,23443.44042,23248.60342,22846.02783,23702.49277,23804.34995,24829.67858,26526.50659,28746.07897,28155.88072,28576.84807,28183.24641
Czech Rep.,17407.40315,18216.31963,17657.08631,17543.26018,17466.37963,17762.97998,18782.19186,19161.74427,19579.37703,20505.77957,20781.06878,21836.46691,23706.29374,23561.38674,23349.98506,23184.28856,23254.23322
Czechoslovakia,,,,,,,,,,,,,,,,,
Denmark,26295.50873,27123.31784,28948.95963,30285.19849,30977.62719,32337.08368,32129.6032,32652.96635,31182.95554,32246.1289,31887.64901,33565.29818,34938.56941,35847.72715,33905.09166,35805.81812,35641.1692
Djibouti,2167.271808,1902.320365,2082.851718,2002.738058,1955.626027,1853.049625,1782.094266,1660.918102,1689.317909,1811.861945,1786.333511,2084.942478,2291.013603,2583.207294,2237.591842,2245.334529,2391.985489
Dominica,7501.613612,7754.825104,8135.645339,8652.755071,8751.659143,8772.887378,8803.318714,8639.879934,8889.483854,8972.706875,8967.0071,9488.055411,10077.53896,10278.19889,10928.68431,11252.48778,11329.30827
Dominican Rep.,4724.942086,4928.987596,5320.603687,5693.847804,5910.163578,6018.121345,6167.22019,6371.082923,6084.398048,6208.318056,6590.187633,7170.531146,7670.522782,7826.902076,8242.115044,8584.036433,8726.598876
Ecuador,4008.908028,4070.216022,4118.318743,3999.911791,3866.319919,4125.232796,4173.550386,4509.22818,4722.113583,5178.020091,5733.481781,6046.990133,6203.774565,6666.460582,6261.053638,6503.259625,6828.091936
Egypt,3378.287453,3989.435759,3989.637899,3861.849372,3908.12809,3930.711781,3956.95683,3918.982967,3920.419399,3969.967591,3972.008659,4119.773449,4334.24989,4512.951162,4489.951764,4708.003091,4836.366416
El Salvador,905.6329626,917.7521844,949.9189866,975.4920869,992.2321056,994.383193,1017.997061,1033.115222,1038.841546,1041.919042,1069.787985,1100.613131,1132.723361,1130.801029,1102.891763,1108.351911,1116.531512
Equatorial Guinea,469.4940166,752.9808895,1571.340788,1262.863292,2029.414798,3219.176972,4292.599772,7580.200721,6892.61237,10619.298,14388.62298,12557.58294,12382.3697,15067.30867,8161.006562,7250.922987,9175.824846
Eritrea,,,,,,,,,,,,,,,,,
Estonia,9152.984222,8285.195548,9314.713314,9913.183204,10370.94553,11340.10707,12040.28645,12876.88562,13721.98039,14745.43479,15830.47433,17615.70125,19885.72117,19914.61051,17864.76494,18755.89371,20101.94888
Ethiopia,476.851586,472.3282785,504.6592322,447.5879881,445.221806,434.7149674,437.5856732,404.1971975,382.2241854,426.5923972,490.4465852,536.7057158,612.2425721,646.7155477,713.4929828,755.0597462,782.7051744
Fiji,5269.104383,5483.096034,5452.891856,5067.31303,4860.469948,5081.888117,4805.451162,4732.782844,4713.027115,4564.429879,4652.823995,4728.95879,4635.486785,4599.923116,4543.430956,4417.231523,4644.739644
Finland,21678.60223,21835.70776,24028.26359,26236.74317,27394.04472,29033.42019,29224.28983,29376.42381,28588.29582,29935.37612,29925.83185,30994.1249,33526.1762,34487.7163,32014.94123,32876.88802,33747.32695
France,23255.93491,23511.89611,24809.6843,26410.03279,27423.42761,28771.64973,29660.36673,29976.61021,28384.05825,28762.70997,29039.83434,29750.68659,31216.87638,31299.69195,30485.69764,31235.16073,31437.94023
Gabon,7506.819188,8130.992915,6632.572723,5609.036846,6076.977923,7354.301271,6796.342793,6575.323987,7060.99879,7878.969727,10558.83103,10475.91264,10442.23777,12312.29767,11112.6115,13643.96752,12402.87879
Gambia,1091.780101,1104.989214,1083.908293,1090.877092,1132.287305,1168.61551,1189.658899,1139.991152,1126.226741,1244.499887,1189.097922,1175.531731,1197.930037,1302.051251,1302.221102,1317.520813,1236.291617
Georgia,2228.6532,2464.337688,2689.430711,2641.209574,2651.383223,2636.975249,2770.078646,2973.610324,3317.405601,3611.932764,3990.437558,4456.87666,5067.119279,5343.170711,5371.917445,5530.972212,5838.793996
Germany,25956.5728,26186.90425,27102.68913,28179.89484,29181.96398,29455.95823,29791.85428,29738.93605,29738.8851,30192.93047,30375.0491,31501.85559,32958.76813,33467.04068,32045.32557,33751.61667,34519.98279
Ghana,1423.672096,1407.14587,1500.759252,1470.202257,1595.324067,1660.576775,1541.716193,1536.678236,1665.530337,1752.769874,1726.504871,1740.740272,1844.296883,1987.723864,2073.327879,2354.445695,2522.365857
Greece,16541.71284,16921.08725,18086.93952,18840.74917,19427.11107,20260.49068,21314.20693,22563.18676,22977.19479,24091.47021,23661.83795,25130.89609,26028.56175,26891.88165,26505.64377,25658.28284,23698.64874
Greenland,,,,,,,,,,,,,,,,,
Grenada,5072.924675,5782.949993,6010.550865,6473.017139,6791.655487,7319.0388,7240.801257,7378.695054,7716.305201,7432.259704,7830.49258,7878.287673,8293.855689,8666.482007,8368.100687,8510.568534,8502.425951
Guatemala,3505.294513,3522.765788,3594.088841,3670.398653,3699.759303,3738.767343,3749.601823,3766.73879,3735.474479,3698.852362,3695.057037,3769.203896,3910.028806,4013.960256,4152.15329,4189.813821,4235.904288
Guinea,1877.292663,1961.943011,1717.855818,1509.612881,1411.392036,1243.920003,1180.01779,1068.043311,994.5988465,943.4204466,909.1976076,910.8469148,935.0269024,975.3356558,913.8956135,943.4906773,958.3188196
Guinea-Bissau,995.0219967,986.3979233,1071.410511,735.901526,785.2863387,767.4083361,808.3003114,751.4997691,810.2764401,827.5232878,806.5911291,793.6576983,830.536873,842.789448,887.7382771,884.3781552,906.6696257
Honduras,2587.135077,2593.213362,2614.543314,2635.082752,2456.885551,2570.905297,2589.930318,2623.939361,2647.298317,2673.324652,2764.002681,2861.573711,2907.566757,2845.783068,2869.870004,2873.520782,2919.840255
Hong Kong. China,27995.15743,29814.51669,30901.21568,28619.76413,27851.56794,29430.91162,29260.50968,30035.00897,30256.30501,31477.22029,33149.8489,34689.03305,36976.49687,37003.20238,35812.08636,37468.39284,38568.79302
Hungary,12227.57451,12124.4371,12486.22386,12832.72465,13160.99618,13727.06476,15155.10381,16143.19499,16105.23552,16474.85878,16500.5725,17182.63067,17715.95619,18455.0234,18206.52618,18757.34482,18852.00626
Iceland,26816.22961,27648.17854,29992.16519,32630.01,33762.63246,33563.71101,34149.44416,33489.50497,32313.08747,34849.38359,36281.29628,36972.93656,37158.04325,36867.60925,33343.48944,31341.31556,31921.61666
India,1456.442369,1546.738429,1612.024883,1694.757765,1778.143002,1830.997453,1890.424703,1957.515007,2091.489675,2209.993736,2415.485496,2597.170836,2822.962172,2953.371206,3155.29933,3432.036036,3601.681802
Indonesia,3712.039188,3996.158345,4048.611798,3628.654584,3380.539868,3181.145025,3161.343379,3056.013085,2983.570794,3147.723752,3327.273695,3439.845101,3537.42853,3767.827844,3856.66348,4064.384632,4339.48873
Iran,4341.588204,5049.638838,5145.021494,5105.593436,5722.242537,6202.310386,6509.49324,7428.906359,8152.651062,9007.237174,10449.19373,11078.49802,12173.37002,11077.85713,10782.33356,11397.34271,11818.46668
Iraq,1548.271959,2227.244825,2655.597896,3467.185715,4090.027122,4039.045542,4023.694289,3572.085775,2257.152048,3482.601312,3500.696877,3718.83203,3679.295089,3816.236505,3898.898657,4021.95269,4196.706901
Ireland,21053.22751,22551.88463,25279.43632,28198.72613,30146.49267,32496.70599,33341.46685,34922.08726,35165.96861,35819.1452,37204.0231,39783.54328,42817.27745,39239.77544,35730.38056,36033.56968,36704.6168
Israel,23040.7607,23941.7723,24473.83835,25151.82915,25860.04661,27800.79911,27574.41595,27145.99963,25572.75394,24898.47235,24460.42539,24512.89012,24444.01706,23805.67533,24112.43653,24522.47326,25081.19254
Italy,24892.19218,25325.12933,26439.76002,28009.68987,28804.2019,29575.03632,30231.1973,29105.2322,28526.26684,28403.29263,28145.98911,29066.08135,30408.3387,30758.34252,29507.9144,29383.40558,29089.05437
Jamaica,4917.181802,5050.749971,5017.142309,5009.496001,4980.610271,4928.53903,4924.813761,4910.804038,5037.533579,4991.481906,5033.776843,5117.615903,5256.910526,5231.384401,5162.43968,5063.407937,5078.143954
Japan,29157.21693,29781.22154,29987.97777,29264.48788,28931.57739,29551.81426,29710.31543,29789.19021,30138.78946,30648.66556,30707.37675,31048.09672,31683.24192,30954.462,29691.1863,30767.37617,30427.20908
Jordan,3191.427569,3109.070758,3082.20405,3076.86212,3121.014171,3152.382818,3283.665093,3497.481358,3514.45392,3755.554774,4186.224258,4381.527784,4524.085393,5140.77538,5101.627877,5277.466434,5092.497395
Kazakhstan,5328.41259,5363.255168,5056.741524,4690.884744,4709.536695,5439.558012,5815.892675,6198.291656,6936.025698,7826.158583,8983.953912,10641.10381,11829.78239,13152.46786,12176.51702,14034.49898,16270.30211
Kenya,1645.843442,1676.685621,1580.033251,1512.938954,1442.916599,1337.428106,1278.258099,1210.894456,1162.628542,1133.765133,1140.192506,1200.638066,1250.260444,1241.323581,1231.693991,1274.36484,1297.574328
Korea. Dem. Rep.,,,,,,,,,,,,,,,,,
Korea. Rep.,16325.36419,17167.08211,17892.95504,17100.89194,18518.73923,19598.82049,20259.5142,21810.15248,22481.53838,23401.06006,24047.57982,24849.94626,25964.83668,25550.67147,25655.59535,27230.08058,27522.29619
Korea. United,,,,,,,,,,,,,,,,,
Kosovo,,,,,,,,,,,,,,,,,
Kuwait,26624.9919,29493.82378,27651.64769,23225.95215,24795.95057,29189.49462,26154.72946,27506.45694,32555.91712,39385.65676,50389.24367,59699.73572,62946.73716,68183.43632,48697.23253,53657.21666,63198.99486
Kyrgyzstan,2668.965099,2517.997762,2380.288349,2016.789521,2031.44153,2077.071778,2075.198641,1958.342504,2071.223916,2120.239086,1998.223982,2021.280623,2173.697934,2242.6,2208.524111,2103.788527,2216.598831
Laos,1330.542151,1404.244946,1452.099768,1473.071457,1613.774712,1558.296806,1647.110578,1695.163227,1700.263411,1776.499524,1804.496686,1859.995203,2105.85631,2135.309499,2371.516001,2450.22507,2623.865427
Latvia,6938.009078,7061.043001,7646.427911,8351.260595,8921.55653,9349.801853,9947.543593,10735.67664,10892.48456,11519.92652,12170.31159,13398.70342,15565.36603,16068.44542,14372.71831,14893.1787,16005.82046
Lebanon,3884.453288,3957.162284,4343.498133,4894.311225,5198.34602,5471.454386,6078.378643,6820.441765,7496.984201,8729.003316,9641.370542,9546.834094,10206.43274,11000.61249,12959.52948,13179.60316,13158.62064
Lesotho,996.241976,1073.637862,901.8725773,961.5871721,995.9912061,1020.208207,1093.153104,1068.980197,1069.022139,1098.545867,1136.207564,1191.012256,1258.266387,1318.934917,1315.158308,1414.288294,1487.824213
Liberia,153.1519568,153.2671318,295.662874,356.8135314,410.9653346,515.9001143,517.3345472,527.9049386,364.858942,362.6847884,367.0070985,406.2085757,417.9797547,428.6357452,440.8461589,452.9768066,474.470618
Libya,,,,,,,,,,,,,,,,,
Lithuania,7219.29605,7783.695551,8591.406443,9285.694755,9570.75437,10285.55276,11066.51051,11880.27307,12794.82971,13371.52013,13887.32699,14989.2054,16711.45661,17583.54699,15326.83586,16367.35429,17200.30549
Luxembourg,45707.93782,46622.24192,47832.00354,51045.77089,58462.62554,62051.14421,60698.15799,62697.1506,64433.42922,66411.23582,69293.53194,75229.1702,79227.545,81682.59475,74132.9539,77717.03794,78130.59506
Macao. China,26865.82689,26159.1341,25349.38391,23382.01793,22907.67896,22923.67445,23068.2311,24800.62066,28035.1757,34841.02392,37213.77239,41606.13541,46436.01236,47142.97959,48382.89876,59621.00373,69471.51168
Macedonia. FYR,4759.261789,4801.25178,4802.262348,4949.08422,5321.970828,5613.43919,5487.576223,5666.659095,5784.099775,6204.437917,6713.22782,7091.899717,7701.159528,7792.851935,7718.378145,7904.971788,8239.940476
Madagascar,807.4444954,822.1068074,812.271596,821.8248587,823.0197555,832.2297661,853.4785819,741.8222712,780.7553779,766.8748357,756.5037317,768.0487448,757.6176332,780.5266267,730.6128652,768.1748576,759.410783
Malawi,767.2143503,700.4828541,731.5809143,655.21244,610.9226593,588.360426,531.5095851,536.6446515,535.7316276,545.719388,546.784658,616.6093533,722.6662417,718.4066427,763.2890353,795.1794649,802.2604117
Malaysia,8886.768754,9597.616242,9962.632163,9005.741804,9236.880227,9865.9316,9294.938229,9559.915726,9970.05848,10569.13075,11134.38593,11670.35966,12227.7809,13178.82066,12344.85688,13008.11913,13468.8059
Maldives,4355.849049,4829.49446,5246.025904,5675.786787,5752.872061,6192.628168,6304.052271,6660.718472,8001.691632,7142.159522,7013.396741,8522.156432,9800.68102,10320.04513,8776.79591,9952.478348,10343.66091
Mali,815.4917284,845.0109032,858.30182,882.3206368,859.2460941,780.1397853,862.9035024,853.3173946,827.8238938,826.1056347,815.425532,875.5368756,882.381949,910.52434,922.9032217,941.4096254,941.0626779
Malta,13969.09961,14149.86825,15976.08821,17692.55733,19030.93892,20636.44983,20016.45434,20744.17935,20208.95861,19794.24576,19918.89016,20328.36602,21498.62553,22435.37134,22577.68895,23370.35994,23993.07877
Mauritania,1362.455009,1466.909288,1368.387339,1367.415995,1416.100265,1379.852102,1368.068783,1390.15031,1477.004346,1515.148219,1607.585524,2125.65091,2075.993239,2014.971018,2077.028158,2392.683451,2615.746401
Mauritius,10878.3723,11967.04577,11257.28585,11290.98112,10598.34927,10486.40004,9855.935365,9759.35819,9382.538472,9301.747445,8365.87547,8722.520956,9365.890061,9364.724807,9485.309058,9422.853345,9645.05633
Mexico,8875.457639,9158.899841,9663.475117,9945.004782,10316.48241,10943.51309,10882.30384,10882.38386,11019.82137,11457.54738,11990.7701,12573.25885,12907.20249,12961.84319,11951.83977,12404.70444,12709.81934
Moldova,2391.190399,2232.966791,2245.991938,1920.236468,1675.326637,1694.73794,1804.403491,1995.906443,2182.762274,2352.578464,2534.899049,2684.670785,2804.499217,2962.699612,2940.725031,3170.267712,3392.566682
Mongolia,2007.6561,1843.546247,1900.941175,1784.348989,1832.41016,2014.092499,2169.409296,2317.630972,2508.189723,2900.258716,3363.141124,4067.209129,4446.669909,4425.363468,4104.628399,4711.487499,5219.469413
Montenegro,4967.147931,6292.603784,6881.475652,7381.006137,6678.186207,7990.454675,7943.051724,6911.443156,7204.439274,7553.595946,7925.083622,9138.064528,10439.82359,11138.77647,10879.3595,11149.89836,11016.62112
Morocco,3948.745189,4620.690238,4053.059287,3931.91862,3586.127557,3278.181484,3254.78529,3154.943106,3226.492824,3155.459091,2982.758984,3167.191354,3242.029647,3341.510649,3554.557248,3576.745538,3647.45035
Mozambique,304.9558265,355.0650116,387.0967258,421.4282017,433.3580915,422.9445446,454.388272,492.1286223,523.0469037,554.447052,596.2716688,640.8988054,680.6270699,725.2575132,756.5254168,779.4083277,817.7017154
Myanmar,,,,,,,,,,,,,,,,,
Namibia,3326.092092,3513.674143,3504.917035,3626.691236,3605.007369,3743.862608,3875.196567,3958.29576,3889.674848,4249.552506,4376.372628,4809.03285,4940.6219,5140.673194,4930.137111,5101.29359,5146.142293
Nepal,1129.317407,1193.212036,1147.827393,1067.239477,1029.918747,1036.415009,1096.149164,1033.736198,1007.12463,1008.605253,988.1081323,987.639148,1002.766905,1048.780607,1086.810245,1166.463738,1185.376241
Netherlands,24834.10241,25838.28246,27839.3487,29798.37028,31633.96883,33796.4431,34503.13728,34774.44599,33092.40643,33416.59609,33866.69107,35225.51635,37328.19257,38332.92695,36398.97835,37635.37676,38054.85169
New Caledonia,,,,,,,,,,,,,,,,,
New Zealand,21508.15437,22003.33515,22550.17715,22845.70695,24060.13752,24233.60294,24785.30588,25206.3943,25618.82247,25733.02817,25515.04272,25785.6055,27199.1745,26512.8349,26129.61953,26591.30698,26666.53266
Nicaragua,,,,,,,,,,,,,,,,,
Niger,560.1091039,547.5678512,533.2365374,572.7038368,550.6896398,514.083787,540.4377314,549.3963357,547.4115939,519.288082,527.6607291,534.7452691,531.1410652,530.0393464,506.5156261,527.1399555,522.5570933
Nigeria,225.9366459,229.7063728,239.1633392,226.0330675,282.7938026,416.8002608,499.4412015,591.3991352,803.7423711,1134.169469,1541.305398,1574.339083,1914.454218,1895.847309,1968.521921,2089.288809,2338.889649
Norway,26912.19191,29231.83956,31742.0887,31789.73809,33837.85704,38911.7128,38846.76095,37911.88882,38131.45269,41478.24657,44545.73067,48222.11686,50036.35166,53099.81604,47811.20346,50178.75963,52414.58721
Oman,9104.641902,9898.161972,10236.92184,9224.154888,10324.569,12693.20554,12891.13265,13675.29718,15214.35636,17599.4963,20430.03109,22048.40687,23440.95909,29985.81192,24357.10328,29473.7203,31054.63706
Pakistan,2103.125544,2159.185726,2069.336095,2112.65311,2073.706743,2052.63329,2003.771602,2027.969587,2039.107159,2127.97212,2209.048164,2281.551707,2344.871819,2327.381419,2349.488546,2430.039701,2472.885229
Panama,6725.683939,6956.701677,7439.14238,7800.612716,7807.192895,7819.555,7861.482504,7990.354528,8494.057399,8613.559128,9309.733129,9735.151208,10325.7486,10842.86943,10927.51655,11337.86391,12154.74739
Paraguay,3543.569872,3581.851234,3601.696638,3592.950309,3414.35246,3156.005099,3206.626122,3218.992729,3464.327369,3658.235584,3515.244894,3573.611056,3778.720182,3975.53434,3854.05491,4230.955638,4351.296925
Peru,4290.6988,4459.327508,4665.421352,4492.72075,4416.557855,4484.420875,4436.360774,4657.08912,4886.699616,5266.370561,5746.468914,6480.211379,7048.17467,7474.732167,7395.5362,8277.006154,8923.976678
Philippines,3872.36579,4163.941799,3885.765079,3564.275822,3418.585709,3339.955714,3175.685466,3103.080891,3064.37418,3049.774672,2983.757726,3057.507409,3174.0492,3252.044866,3267.252908,3450.764624,3521.054715
Poland,9378.94339,9839.095957,10484.1972,11075.69784,11585.08205,11967.18919,12276.47405,12662.46862,12554.98761,13208.33609,13440.33784,14153.1148,15542.51143,16165.95011,16932.69143,17908.09497,18430.42906
Portugal,15379.30109,15870.78884,16997.88725,18097.77687,19264.23057,19823.82244,20146.63658,20287.11386,20070.15966,20296.1111,20871.04655,21572.04786,22546.06791,22554.02571,22480.86383,23033.93263,22289.89966
Qatar,21882.85074,22450.93217,27431.94012,25145.79576,30329.17938,44402.25968,46751.11988,47192.66721,68588.71103,78596.03581,90724.26517,106398.2939,107772.8431,116423.5308,91577.32637,106475.7017,124720.444
Romania,6051.23907,6121.434345,6072.109092,6205.409234,6485.435696,6633.147343,7237.950196,7578.866977,7880.671437,7350.503409,8834.754732,10081.92243,11538.113,13129.36484,13018.75807,13227.18131,13574.30984
Russia,10785.735,8235.102846,7902.938015,7483.620184,7962.481853,9256.304398,8927.818471,9150.929667,9866.102104,11026.36531,12320.48164,14253.90589,16402.42269,18530.07339,16166.12138,17249.13031,18678.27307
Rwanda,661.4838515,736.4996981,793.7983212,775.9732473,727.7474445,676.9685529,692.1031554,756.9146621,756.0390391,816.9046758,878.1577492,963.4102448,1004.685761,1036.478412,1086.156295,1134.873005,1201.49765
Sao Tome and Principe,1069.754479,1099.837038,1082.183134,1150.507169,1116.17907,1166.775896,1247.405314,1251.809444,1313.480063,1357.900156,1367.72596,1522.573607,1535.969463,1649.879143,1704.810707,1744.227097,1851.732273
Saudi Arabia,11624.87268,12321.38273,12646.18808,11430.20052,12756.12731,14519.21577,13455.09767,13918.52247,15091.36971,16728.50937,19810.56771,20958.97463,21534.2112,24647.4337,18060.15158,20745.08037,25556.48143
Senegal,1634.272946,1686.252702,1619.305481,1604.37773,1604.977267,1542.700108,1526.390656,1440.423242,1457.977058,1433.831687,1448.49095,1430.77761,1466.574168,1417.521311,1475.650385,1468.908425,1411.715771
Serbia,3400.791677,6116.344099,6724.785104,6883.807321,6178.002109,6473.166948,6711.779878,6962.897262,7017.903586,7376.888226,7683.556149,8312.684028,8932.786645,9810.860135,9506.652212,9427.370009,9574.916608
Sierra Leone,1597.085506,1338.509782,1127.507726,942.7612587,657.405964,717.2364904,777.2728764,842.217165,811.9802067,774.6059854,730.8489045,743.121992,756.6921749,777.8247666,801.1933183,843.1218576,867.033046
Singapore,24964.55593,26250.4886,28894.695,27658.60538,29049.99502,34043.11277,32838.87322,34460.21832,35234.09298,41650.32614,45749.81294,48591.66293,51874.50558,48779.4055,45344.80273,50668.77061,51643.66521
Slovak Republic,12152.06565,12366.90803,12576.8278,12624.03357,12275.71435,12799.79178,13392.81524,14035.40756,14369.13486,14903.28485,15647.20047,17080.4481,19360.81125,20867.45601,20249.77208,21022.84503,21466.9502
Slovenia,17610.55482,18315.43096,18713.82119,18968.76497,19607.0704,20054.59817,20541.62753,21308.13052,21356.22684,22615.97218,23006.88035,24019.4426,25574.22124,26505.92885,24937.6344,24940.50209,24364.59642
Somalia,,,,,,,,,,,,,,,,,
South Africa,5525.374133,5640.581603,5678.585584,5666.598708,5709.806265,5913.545919,6040.861677,6227.717381,6336.699426,6620.428933,6920.679526,7308.372934,7703.155786,7829.69485,7685.88652,8062.12675,8457.447083
Spain,18531.83133,19111.44586,20429.18394,22033.33003,23111.65217,24135.06429,24894.74179,25741.48865,25597.81148,26387.69125,26954.90236,28875.31267,30744.3126,30825.94077,29612.17963,29172.89691,28740.77371
Sri Lanka,3308.198442,3543.669771,3416.489009,3475.115327,3260.677891,3177.732742,3085.29087,3151.76121,3303.354356,3294.359067,3324.0006,3500.883446,3678.191576,3774.79483,4102.354914,4381.824367,4701.076531
Sudan,1090.766206,1093.377638,1110.675677,1125.100808,1282.912093,1399.416847,1393.909401,1413.581883,1528.694037,1641.05372,1825.64344,2103.952244,2101.304483,2020.216272,2169.035112,2316.594793,2373.993832
Suriname,4139.666348,5024.99932,5315.115324,5557.081334,4115.550852,4865.559086,4931.584828,5039.340907,5535.03759,5645.624001,5663.955024,5793.477103,5778.129911,6100.174408,6028.451427,6581.492111,6699.645607
Swaziland,5746.20022,6144.6046,5637.380127,5220.44969,4819.68188,4518.79688,4357.040049,4242.49479,1489.401576,1441.062544,3772.984642,3824.535709,3502.292203,3951.582907,4043.232628,3958.428581,4239.248455
Sweden,25110.17503,25483.80871,26667.50135,28188.33555,30149.65597,31800.43843,31454.38653,31542.86812,31563.9167,32445.91063,31230.76065,32877.29711,35199.86467,35234.20862,32953.96239,35121.12464,36100.79134
Switzerland,32156.8517,32461.86329,34260.98141,35639.08866,35939.06321,36982.27747,36827.3937,36815.72387,35736.41843,36479.66624,36814.87169,39117.04058,42441.5157,44326.09534,42495.68655,44402.84184,44823.64423
Syria,858.9439961,842.834746,932.5409291,1043.012564,1078.830127,1270.556875,1394.609807,1659.617356,1945.873578,2578.962446,3767.992824,3565.857135,3678.802669,3854.734948,3818.378507,4050.334098,3919.015548
Taiwan,19864.51267,20998.91084,22269.09413,23190.17963,23898.4411,24882.1955,23941.62367,24921.80312,25344.30167,26211.67202,26788.07431,27396.5505,28196.60812,26571.07205,26545.41733,28432.36208,28413.56365
Tajikistan,1813.318256,1356.523229,1659.581221,1481.713851,1326.223478,1355.748753,1460.129444,1601.540165,1778.873511,1939.720934,1966.314384,2076.136869,2169.157625,2205.234819,2307.871921,2541.182941,2436.886489
Tanzania,641.4510295,660.1030449,687.7267929,717.8423572,733.2852986,749.6157793,779.6011643,831.249762,864.1485841,890.9120015,948.0821091,975.8812413,998.4046713,1071.617752,1112.853057,1199.375914,1269.390331
Thailand,7015.764749,7670.965506,7070.835922,6233.309482,6156.02523,6184.225943,6135.046008,6462.23357,6826.842152,7166.509692,7345.480031,7655.373562,8031.392934,7999.695414,7982.310878,8628.044162,8491.035235
Togo,857.1521334,894.4893083,951.5268747,827.1845622,860.6982859,814.5416775,800.323276,831.0660814,806.3975064,801.8732963,788.1158214,861.5886303,905.5451329,812.6515711,870.2335324,895.1758923,946.6884582
Trinidad and Tobago,8637.381517,8445.330627,8479.89555,8239.356085,9305.934402,10877.75883,10050.46357,10237.95053,12216.3773,14135.34918,14390.65611,17067.63325,19023.80541,21181.58956,18299.76383,18561.77149,20196.31492
Tunisia,6513.328004,7435.200866,6979.426547,6674.731633,6566.129877,6306.010289,6226.274401,5951.40938,5942.130761,5959.971592,5874.388195,6155.702838,6409.141785,6641.578564,6689.385699,6829.508229,6632.037896
Turkey,9198.702179,10082.068,10359.50845,10071.65239,9512.221702,10262.33995,9801.277681,9649.90653,9172.960523,10289.40413,10974.84365,11957.76779,12687.41869,13263.89189,12758.11347,13841.72774,14437.29064
Turkmenistan,4931.820524,5053.7801,4768.506928,5217.94974,5632.324609,7062.731219,6481.030707,6628.452097,6683.557248,6966.057855,8494.770101,9421.992172,9792.410489,9461.588665,10152.88303,11452.6227,12530.98174
Uganda,793.8723683,778.5680357,795.877789,842.2419142,851.4813735,851.3360506,884.4730185,908.0080271,916.6282806,940.5169904,994.8436078,1023.037201,1054.460624,1077.586142,1162.842894,1174.748192,1187.032358
Ukraine,4693.437545,4290.030909,3965.787857,3820.484681,3795.379871,3876.675123,4094.698836,4325.967296,4760.529911,5500.277629,5975.175921,6594.876025,7503.11478,8083.172483,6930.513632,7379.165002,8175.737102
United Arab Emirates,,,,,,,,,,,,,,,,,
United Kingdom,22722.59735,23838.3505,26000.17497,27366.53097,28709.38612,30119.65555,31038.49808,31337.14668,31504.88336,32599.64872,32509.39322,33320.0157,33841.27787,32837.61111,31135.96789,32410.89145,32259.81457
United States,34210.83598,35225.00487,36567.04763,37978.49987,39381.83967,40488.71293,40522.06831,40822.72297,41404.45921,42449.43399,43212.3112,43953.58034,44372.27235,43236.92078,41728.29632,42287.27705,42646.20724
Uruguay,10332.63033,10913.51107,10860.65731,10947.58207,10230.63586,9590.9965,9042.80879,8186.233246,8081.491641,8348.376281,8638.86071,8944.091255,9575.276693,10338.69422,10674.46233,11903.03954,12625.06142
USSR,,,,,,,,,,,,,,,,,
Uzbekistan,3165.18001,3136.343984,3207.157925,3266.358253,3430.494718,3357.494906,3446.826544,3541.851294,3743.652973,3883.395231,4136.759182,4521.703827,4659.746998,5051.30772,5337.282098,5761.500776,6208.946608
Venezuela,6621.912984,6661.815014,6285.429527,5593.935435,5466.204697,6170.318115,6051.926113,5712.495276,5474.931938,6957.886851,8544.561654,9471.120685,10134.5637,10904.9889,8805.340018,9887.289989,10342.56641
West Bank and Gaza,,,,,,,,,,,,,,,,,
Vietnam,1527.904893,1619.516541,1679.968397,1710.130642,1734.890988,1764.326297,1821.16915,1886.614428,1948.396625,2095.646269,2284.003094,2453.834544,2623.114302,2815.984841,2965.803609,3214.006805,3447.76572
Yemen Arab Republic (Former),,,,,,,,,,,,,,,,,
Yemen Democratic (Former),,,,,,,,,,,,,,,,,
Yemen. Rep.,593.2656841,690.1375819,749.3000051,813.7047981,878.6326864,947.2671447,1055.256102,1181.615786,1379.281769,1745.181016,2541.01406,2568.761408,2485.301124,2488.667097,2297.976163,2502.451186,2048.474819
Yugoslavia,,,,,,,,,,,,,,,,,
Zambia,946.7294332,901.7096251,974.8811707,903.0322828,839.3644691,946.4342247,1107.276598,1106.164983,1089.294121,1081.238165,1105.458937,1253.315346,1684.524187,1677.352934,1714.888728,2058.221917,2051.713107
Zimbabwe,3917.472615,4400.547257,4437.302665,4514.077455,4661.824665,4415.448009,4552.598011,4010.146571,3703.635608,3636.470541,3257.10055,3151.249912,3658.77619,2874.332836,3951.812612,4077.424325,4347.786501